{
  "envObject": [
    {
      "name": "wall",
      "char": "X",
      "traversable": false,
      "img": "../res/img/wall.png"
    },
    {
      "name": "floor",
      "char": "0",
      "traversable": true,
      "img": "../res/img/floor.png"
    },
    {
      "name": "dirt",
      "char": "1",
      "traversable": true,
      "img": "../res/img/dirty.png"
    },
    {
      "name": "dock",
      "char": "+",
      "traversable": true,
      "img": "../res/img/dock.png"
    },
    {
      "name": "robot_docked",
      "char": "_",
      "traversable": true,
      "img": "../res/img/docked.png"
    },
    {
      "name": "robot_north",
      "char": "↑",
      "traversable": true,
      "img": "../res/img/north.png"
    },
    {
      "name": "robot_south",
      "char": "↓",
      "traversable": true,
      "img": "../res/img/south.png"
    },
    {
      "name": "robot_west",
      "char": "←",
      "traversable": true,
      "img": "../res/img/west.png"
    },
    {
      "name": "robot_east",
      "char": "→",
      "traversable": true,
      "img": "../res/img/east.png"
    },
    {
      "name": "robot_on_dirt_north",
      "char": "▲",
      "traversable": true,
      "img": "../res/img/north.png"
    },
    {
      "name": "robot_on_dirt_south",
      "char": "▼",
      "traversable": true,
      "img": "../res/img/south.png"
    },
    {
      "name": "robot_on_dirt_west",
      "char": "◄",
      "traversable": true,
      "img": "../res/img/west.png"
    },
    {
      "name": "robot_on_dirt_east",
      "char": "►",
      "traversable": true,
      "img": "../res/img/east.png"
    }
  ]
}